"","ORG_CODE","DISTRICT_NAME.x","COUNTY.x","FEMALE","MALE","TOTAL","DISTRICT_NAME.y","COUNTY.y","GRADE","District_Total","African American","Asian","Hispanic","Mult-Race, Non-Hispanic","Native American","Native Hawaiian PacificIslander","White"
"1","0001","Abington","Plymouth","59","50","109","Abington","Plymouth","Gr.10",109,"4","3","10","0","0","1","91"
"2","0003","Acushnet","Bristol","0","0","0","Acushnet","Bristol","Gr.10",0,"***","***","***","***","***","***","***"
"3","0005","Agawam","Hampden","145","164","309","Agawam","Hampden","Gr.10",309,"6","7","20","6","0","0","270"
"4","0007","Amesbury","Essex","62","78","140","Amesbury","Essex","Gr.10",140,"3","2","8","6","0","0","121"
"5","0008","Amherst","Hampshire","0","0","0","Amherst","Hampshire","Gr.10",0,"***","***","***","***","***","***","***"
"6","0009","Andover","Essex","255","204","459","Andover","Essex","Gr.10",459,"9","69","18","11","0","0","352"
"7","0010","Arlington","Middlesex","193","157","350","Arlington","Middlesex","Gr.10",350,"16","42","26","22","0","0","244"
"8","0014","Ashland","Middlesex","92","80","172","Ashland","Middlesex","Gr.10",172,"3","16","12","2","0","0","139"
"9","0016","Attleboro","Bristol","190","225","415","Attleboro","Bristol","Gr.10",415,"26","19","54","18","1","1","296"
"10","0017","Auburn","Worcester","100","97","197","Auburn","Worcester","Gr.10",197,"5","11","8","5","0","0","168"
"11","0018","Avon","Norfolk","24","25","49","Avon","Norfolk","Gr.10",49,"21","2","3","2","0","0","21"
"12","0020","Barnstable","Barnstable","197","175","372","Barnstable","Barnstable","Gr.10",372,"28","12","34","17","5","3","273"
"13","0023","Bedford","Middlesex","100","106","206","Bedford","Middlesex","Gr.10",206,"18","17","13","14","0","2","142"
"14","0024","Belchertown","Hampshire","83","102","185","Belchertown","Hampshire","Gr.10",185,"5","3","11","2","0","0","164"
"15","0025","Bellingham","Norfolk","64","87","151","Bellingham","Norfolk","Gr.10",152,"1","4","7","2","0","0","138"
"16","0026","Belmont","Middlesex","167","145","312","Belmont","Middlesex","Gr.10",312,"18","62","10","11","0","0","211"
"17","0027","Berkley","Bristol","0","0","0","Berkley","Bristol","Gr.10",0,"***","***","***","***","***","***","***"
"18","0028","Berlin","Worcester","0","0","0","Berlin","Worcester","Gr.10",0,"***","***","***","***","***","***","***"
"19","0030","Beverly","Essex","163","138","301","Beverly","Essex","Gr.10",301,"14","7","35","8","0","2","235"
"20","0031","Billerica","Middlesex","139","135","274","Billerica","Middlesex","Gr.10",274,"7","15","13","9","1","1","228"
"21","0035","Boston","Suffolk","1903","1992","3895","Boston","Suffolk","Gr.10",3895,"1293","393","1613","71","13","8","504"
"22","0036","Bourne","Barnstable","46","59","105","Bourne","Barnstable","Gr.10",105,"4","0","6","3","0","0","92"
"23","0038","Boxford","Essex","0","0","0","Boxford","Essex","Gr.10",0,"***","***","***","***","***","***","***"
"24","0039","Boylston","Worcester","0","0","0","Boylston","Worcester","Gr.10",0,"***","***","***","***","***","***","***"
"25","0040","Braintree","Norfolk","183","197","380","Braintree","Norfolk","Gr.10",380,"30","56","16","2","0","0","276"
"26","0041","Brewster","Barnstable","0","0","0","Brewster","Barnstable","Gr.10",0,"***","***","***","***","***","***","***"
"27","0043","Brimfield","Hampden","0","0","0","Brimfield","Hampden","Gr.10",0,"***","***","***","***","***","***","***"
"28","0044","Brockton","Plymouth","565","565","1130","Brockton","Plymouth","Gr.10",1130,"673","28","137","45","5","2","240"
"29","0045","Brookfield","Worcester","0","0","0","Brookfield","Worcester","Gr.10",0,"***","***","***","***","***","***","***"
"30","0046","Brookline","Norfolk","266","243","509","Brookline","Norfolk","Gr.10",509,"34","85","58","31","0","1","300"
"31","0048","Burlington","Middlesex","137","112","249","Burlington","Middlesex","Gr.10",249,"9","32","12","9","1","0","186"
"32","0049","Cambridge","Middlesex","237","274","511","Cambridge","Middlesex","Gr.10",511,"169","58","73","27","1","1","182"
"33","0050","Canton","Norfolk","130","111","241","Canton","Norfolk","Gr.10",241,"20","28","10","13","0","0","170"
"34","0051","Carlisle","Middlesex","0","0","0","Carlisle","Middlesex","Gr.10",0,"***","***","***","***","***","***","***"
"35","0052","Carver","Plymouth","48","52","100","Carver","Plymouth","Gr.10",100,"1","0","0","2","0","0","97"
"36","0056","Chelmsford","Middlesex","165","182","347","Chelmsford","Middlesex","Gr.10",347,"14","35","17","8","0","0","273"
"37","0057","Chelsea","Suffolk","188","242","430","Chelsea","Suffolk","Gr.10",430,"25","8","375","3","0","0","19"
"38","0061","Chicopee","Hampden","304","300","604","Chicopee","Hampden","Gr.10",604,"16","15","185","16","0","0","372"
"39","0063","Clarksburg","Berkshire","0","0","0","Clarksburg","Berkshire","Gr.10",0,"***","***","***","***","***","***","***"
"40","0064","Clinton","Worcester","55","55","110","Clinton","Worcester","Gr.10",110,"4","5","30","0","0","0","71"
"41","0065","Cohasset","Norfolk","54","62","116","Cohasset","Norfolk","Gr.10",116,"5","2","1","1","0","0","107"
"42","0067","Concord","Middlesex","0","0","0","Concord","Middlesex","Gr.10",0,"***","***","***","***","***","***","***"
"43","0068","Conway","Franklin","0","0","0","Conway","Franklin","Gr.10",0,"***","***","***","***","***","***","***"
"44","0071","Danvers","Essex","127","124","251","Danvers","Essex","Gr.10",251,"9","6","15","3","0","0","218"
"45","0072","Dartmouth","Bristol","135","135","270","Dartmouth","Bristol","Gr.10",270,"2","1","8","10","0","0","249"
"46","0073","Dedham","Norfolk","85","95","180","Dedham","Norfolk","Gr.10",180,"20","9","23","3","0","0","125"
"47","0074","Deerfield","Franklin","0","0","0","Deerfield","Franklin","Gr.10",0,"***","***","***","***","***","***","***"
"48","0077","Douglas","Worcester","47","52","99","Douglas","Worcester","Gr.10",99,"0","0","3","1","0","0","95"
"49","0078","Dover","Norfolk","0","0","0","Dover","Norfolk","Gr.10",0,"***","***","***","***","***","***","***"
"50","0079","Dracut","Middlesex","110","94","204","Dracut","Middlesex","Gr.10",204,"12","14","12","4","0","0","162"
"51","0082","Duxbury","Plymouth","124","127","251","Duxbury","Plymouth","Gr.10",251,"1","7","5","3","0","0","235"
"52","0083","East Bridgewater","Plymouth","76","69","145","East Bridgewater","Plymouth","Gr.10",146,"4","0","0","1","0","0","141"
"53","0085","Eastham","Barnstable","0","0","0","Eastham","Barnstable","Gr.10",0,"***","***","***","***","***","***","***"
"54","0086","Easthampton","Hampshire","63","69","132","Easthampton","Hampshire","Gr.10",132,"2","3","22","1","0","1","103"
"55","0087","East Longmeadow","Hampden","104","106","210","East Longmeadow","Hampden","Gr.10",210,"10","9","12","1","1","1","176"
"56","0088","Easton","Bristol","175","127","302","Easton","Bristol","Gr.10",302,"15","17","13","9","0","0","248"
"57","0089","Edgartown","Dukes","0","0","0","Edgartown","Dukes","Gr.10",0,"***","***","***","***","***","***","***"
"58","0091","Erving","Franklin","0","0","0","Erving","Franklin","Gr.10",0,"***","***","***","***","***","***","***"
"59","0093","Everett","Middlesex","251","274","525","Everett","Middlesex","Gr.10",525,"94","21","246","8","1","1","154"
"60","0094","Fairhaven","Bristol","81","77","158","Fairhaven","Bristol","Gr.10",158,"2","2","8","6","1","0","139"
"61","0095","Fall River","Bristol","273","297","570","Fall River","Bristol","Gr.10",570,"52","29","145","32","0","2","310"
"62","0096","Falmouth","Barnstable","110","97","207","Falmouth","Barnstable","Gr.10",207,"7","9","9","9","3","0","170"
"63","0097","Fitchburg","Worcester","165","161","326","Fitchburg","Worcester","Gr.10",326,"28","19","152","20","0","0","107"
"64","0098","Florida","Berkshire","0","0","0","Florida","Berkshire","Gr.10",0,"***","***","***","***","***","***","***"
"65","0099","Foxborough","Norfolk","90","115","205","Foxborough","Norfolk","Gr.10",205,"9","7","4","1","0","0","184"
"66","0100","Framingham","Middlesex","249","298","547","Framingham","Middlesex","Gr.10",547,"46","34","132","21","1","0","313"
"67","0101","Franklin","Norfolk","219","205","424","Franklin","Norfolk","Gr.10",424,"7","27","8","8","1","2","371"
"68","0103","Gardner","Worcester","59","67","126","Gardner","Worcester","Gr.10",126,"2","4","16","4","1","0","99"
"69","0105","Georgetown","Essex","55","43","98","Georgetown","Essex","Gr.10",98,"0","1","4","1","0","0","92"
"70","0107","Gloucester","Essex","89","112","201","Gloucester","Essex","Gr.10",201,"3","5","10","5","2","0","176"
"71","0109","Gosnold","Dukes","***","***","***","Gosnold","Dukes","Gr.10",0,"***","***","***","***","***","***","***"
"72","0110","Grafton","Worcester","120","108","228","Grafton","Worcester","Gr.10",228,"5","31","9","5","0","1","177"
"73","0111","Granby","Hampshire","20","31","51","Granby","Hampshire","Gr.10",51,"0","2","2","1","0","0","46"
"74","0114","Greenfield","Franklin","39","48","87","Greenfield","Franklin","Gr.10",87,"5","4","11","6","0","0","61"
"75","0117","Hadley","Hampshire","30","22","52","Hadley","Hampshire","Gr.10",52,"3","1","7","2","0","1","38"
"76","0118","Halifax","Plymouth","0","0","0","Halifax","Plymouth","Gr.10",0,"***","***","***","***","***","***","***"
"77","0121","Hancock","Berkshire","0","0","0","Hancock","Berkshire","Gr.10",0,"***","***","***","***","***","***","***"
"78","0122","Hanover","Plymouth","92","126","218","Hanover","Plymouth","Gr.10",219,"2","4","1","0","0","0","212"
"79","0125","Harvard","Worcester","51","52","103","Harvard","Worcester","Gr.10",103,"3","10","4","1","0","0","85"
"80","0127","Hatfield","Hampshire","15","13","28","Hatfield","Hampshire","Gr.10",28,"0","2","1","0","0","0","25"
"81","0128","Haverhill","Essex","223","237","460","Haverhill","Essex","Gr.10",460,"21","11","138","6","0","0","284"
"82","0131","Hingham","Plymouth","143","141","284","Hingham","Plymouth","Gr.10",284,"4","3","5","4","0","0","268"
"83","0133","Holbrook","Norfolk","29","24","53","Holbrook","Norfolk","Gr.10",53,"13","2","8","1","0","0","29"
"84","0135","Holland","Hampden","0","0","0","Holland","Hampden","Gr.10",0,"***","***","***","***","***","***","***"
"85","0136","Holliston","Middlesex","96","90","186","Holliston","Middlesex","Gr.10",186,"1","11","7","4","0","0","163"
"86","0137","Holyoke","Hampden","203","218","421","Holyoke","Hampden","Gr.10",421,"14","1","329","6","0","1","70"
"87","0138","Hopedale","Worcester","44","40","84","Hopedale","Worcester","Gr.10",84,"0","0","2","2","4","0","76"
"88","0139","Hopkinton","Middlesex","124","140","264","Hopkinton","Middlesex","Gr.10",264,"0","14","7","6","0","0","237"
"89","0141","Hudson","Middlesex","88","102","190","Hudson","Middlesex","Gr.10",190,"1","7","12","2","0","0","168"
"90","0142","Hull","Plymouth","36","43","79","Hull","Plymouth","Gr.10",79,"0","0","2","2","0","0","75"
"91","0144","Ipswich","Essex","62","62","124","Ipswich","Essex","Gr.10",124,"0","5","6","5","0","0","108"
"92","0145","Kingston","Plymouth","0","0","0","Kingston","Plymouth","Gr.10",0,"***","***","***","***","***","***","***"
"93","0148","Lanesborough","Berkshire","0","0","0","Lanesborough","Berkshire","Gr.10",0,"***","***","***","***","***","***","***"
"94","0149","Lawrence","Essex","404","467","871","Lawrence","Essex","Gr.10",871,"14","14","810","5","1","0","27"
"95","0150","Lee","Berkshire","28","34","62","Lee","Berkshire","Gr.10",62,"0","4","3","3","0","0","52"
"96","0151","Leicester","Worcester","50","55","105","Leicester","Worcester","Gr.10",105,"6","2","2","1","0","1","93"
"97","0152","Lenox","Berkshire","28","22","50","Lenox","Berkshire","Gr.10",50,"0","1","6","2","0","0","41"
"98","0153","Leominster","Worcester","206","269","475","Leominster","Worcester","Gr.10",475,"40","17","132","16","1","0","269"
"99","0154","Leverett","Franklin","0","0","0","Leverett","Franklin","Gr.10",0,"***","***","***","***","***","***","***"
"100","0155","Lexington","Middlesex","276","279","555","Lexington","Middlesex","Gr.10",555,"14","192","22","22","0","0","305"
"101","0157","Lincoln","Middlesex","0","0","0","Lincoln","Middlesex","Gr.10",0,"***","***","***","***","***","***","***"
"102","0158","Littleton","Middlesex","61","53","114","Littleton","Middlesex","Gr.10",114,"0","8","2","4","0","1","99"
"103","0159","Longmeadow","Hampden","113","127","240","Longmeadow","Hampden","Gr.10",240,"5","20","9","3","0","1","202"
"104","0160","Lowell","Middlesex","405","405","810","Lowell","Middlesex","Gr.10",810,"95","253","206","20","0","0","236"
"105","0161","Ludlow","Hampden","117","119","236","Ludlow","Hampden","Gr.10",236,"5","3","25","2","1","0","200"
"106","0162","Lunenburg","Worcester","57","57","114","Lunenburg","Worcester","Gr.10",114,"1","9","2","0","1","1","100"
"107","0163","Lynn","Essex","480","604","1084","Lynn","Essex","Gr.10",1084,"111","88","633","33","5","1","213"
"108","0164","Lynnfield","Essex","79","89","168","Lynnfield","Essex","Gr.10",168,"0","6","10","3","0","0","149"
"109","0165","Malden","Middlesex","231","216","447","Malden","Middlesex","Gr.10",447,"90","109","97","13","3","0","135"
"110","0167","Mansfield","Bristol","174","160","334","Mansfield","Bristol","Gr.10",334,"10","12","12","9","0","0","291"
"111","0168","Marblehead","Essex","144","123","267","Marblehead","Essex","Gr.10",267,"9","6","16","3","1","0","232"
"112","0169","Marion","Plymouth","0","0","0","Marion","Plymouth","Gr.10",0,"***","***","***","***","***","***","***"
"113","0170","Marlborough","Middlesex","139","153","292","Marlborough","Middlesex","Gr.10",292,"8","4","144","6","0","0","130"
"114","0171","Marshfield","Plymouth","186","172","358","Marshfield","Plymouth","Gr.10",358,"3","3","10","2","0","1","339"
"115","0172","Mashpee","Barnstable","45","60","105","Mashpee","Barnstable","Gr.10",105,"4","2","3","7","10","0","79"
"116","0173","Mattapoisett","Plymouth","0","0","0","Mattapoisett","Plymouth","Gr.10",0,"***","***","***","***","***","***","***"
"117","0174","Maynard","Middlesex","54","51","105","Maynard","Middlesex","Gr.10",105,"4","4","15","8","0","0","74"
"118","0175","Medfield","Norfolk","94","102","196","Medfield","Norfolk","Gr.10",196,"3","12","3","3","0","1","174"
"119","0176","Medford","Middlesex","181","186","367","Medford","Middlesex","Gr.10",367,"56","24","42","11","0","0","234"
"120","0177","Medway","Norfolk","93","85","178","Medway","Norfolk","Gr.10",178,"4","5","6","4","0","1","158"
"121","0178","Melrose","Middlesex","128","127","255","Melrose","Middlesex","Gr.10",255,"21","5","9","5","0","0","215"
"122","0181","Methuen","Essex","228","271","499","Methuen","Essex","Gr.10",499,"1","17","171","28","2","1","279"
"123","0182","Middleborough","Plymouth","85","80","165","Middleborough","Plymouth","Gr.10",165,"4","3","7","7","0","0","144"
"124","0184","Middleton","Essex","0","0","0","Middleton","Essex","Gr.10",0,"***","***","***","***","***","***","***"
"125","0185","Milford","Worcester","134","147","281","Milford","Worcester","Gr.10",281,"7","10","68","4","6","0","186"
"126","0186","Millbury","Worcester","51","55","106","Millbury","Worcester","Gr.10",106,"3","2","10","5","0","0","86"
"127","0187","Millis","Norfolk","54","39","93","Millis","Norfolk","Gr.10",93,"3","1","2","1","1","0","85"
"128","0189","Milton","Norfolk","127","115","242","Milton","Norfolk","Gr.10",242,"43","14","12","13","0","1","159"
"129","0191","Monson","Hampden","36","37","73","Monson","Hampden","Gr.10",73,"0","1","1","3","0","0","68"
"130","0196","Nahant","Essex","0","0","0","Nahant","Essex","Gr.10",0,"***","***","***","***","***","***","***"
"131","0197","Nantucket","Nantucket","59","85","144","Nantucket","Nantucket","Gr.10",144,"20","3","32","5","0","0","84"
"132","0198","Natick","Middlesex","179","185","364","Natick","Middlesex","Gr.10",364,"13","21","20","12","0","0","298"
"133","0199","Needham","Norfolk","220","226","446","Needham","Norfolk","Gr.10",446,"18","40","20","16","1","0","351"
"134","0201","New Bedford","Bristol","242","326","568","New Bedford","Bristol","Gr.10",568,"67","7","288","24","6","2","174"
"135","0204","Newburyport","Essex","98","89","187","Newburyport","Essex","Gr.10",187,"3","3","10","2","0","0","169"
"136","0207","Newton","Middlesex","491","504","995","Newton","Middlesex","Gr.10",995,"50","167","71","39","4","0","664"
"137","0208","Norfolk","Norfolk","0","0","0","Norfolk","Norfolk","Gr.10",0,"***","***","***","***","***","***","***"
"138","0209","North Adams","Berkshire","56","34","90","North Adams","Berkshire","Gr.10",90,"5","0","6","6","0","0","73"
"139","0210","Northampton","Hampshire","112","101","213","Northampton","Hampshire","Gr.10",213,"5","14","26","8","0","0","160"
"140","0211","North Andover","Essex","201","187","388","North Andover","Essex","Gr.10",388,"11","22","31","5","1","2","316"
"141","0212","North Attleborough","Bristol","134","156","290","North Attleborough","Bristol","Gr.10",290,"11","19","12","10","1","0","237"
"142","0213","Northborough","Worcester","0","0","0","Northborough","Worcester","Gr.10",0,"***","***","***","***","***","***","***"
"143","0214","Northbridge","Worcester","74","78","152","Northbridge","Worcester","Gr.10",152,"2","0","7","2","0","0","141"
"144","0215","North Brookfield","Worcester","23","21","44","North Brookfield","Worcester","Gr.10",44,"0","0","3","2","0","0","39"
"145","0217","North Reading","Middlesex","99","90","189","North Reading","Middlesex","Gr.10",189,"0","5","4","3","0","0","177"
"146","0218","Norton","Bristol","89","98","187","Norton","Bristol","Gr.10",187,"4","4","2","3","0","0","174"
"147","0219","Norwell","Plymouth","89","82","171","Norwell","Plymouth","Gr.10",171,"0","4","4","3","0","0","160"
"148","0220","Norwood","Norfolk","111","115","226","Norwood","Norfolk","Gr.10",226,"24","8","25","6","0","0","163"
"149","0221","Oak Bluffs","Dukes","0","0","0","Oak Bluffs","Dukes","Gr.10",0,"***","***","***","***","***","***","***"
"150","0223","Orange","Franklin","0","0","0","Orange","Franklin","Gr.10",0,"***","***","***","***","***","***","***"
"151","0224","Orleans","Barnstable","0","0","0","Orleans","Barnstable","Gr.10",0,"***","***","***","***","***","***","***"
"152","0226","Oxford","Worcester","52","49","101","Oxford","Worcester","Gr.10",101,"5","3","8","5","0","0","80"
"153","0227","Palmer","Hampden","58","48","106","Palmer","Hampden","Gr.10",106,"3","5","9","2","0","0","87"
"154","0229","Peabody","Essex","175","176","351","Peabody","Essex","Gr.10",351,"14","7","53","11","0","0","266"
"155","0230","Pelham","Hampshire","0","0","0","Pelham","Hampshire","Gr.10",0,"***","***","***","***","***","***","***"
"156","0231","Pembroke","Plymouth","126","123","249","Pembroke","Plymouth","Gr.10",249,"3","1","1","1","0","0","243"
"157","0234","Petersham","Worcester","0","0","0","Petersham","Worcester","Gr.10",0,"***","***","***","***","***","***","***"
"158","0236","Pittsfield","Berkshire","191","203","394","Pittsfield","Berkshire","Gr.10",394,"48","7","40","29","0","0","270"
"159","0238","Plainville","Norfolk","0","0","0","Plainville","Norfolk","Gr.10",0,"***","***","***","***","***","***","***"
"160","0239","Plymouth","Plymouth","286","296","582","Plymouth","Plymouth","Gr.10",582,"13","9","34","20","3","1","502"
"161","0240","Plympton","Plymouth","0","0","0","Plympton","Plymouth","Gr.10",0,"***","***","***","***","***","***","***"
"162","0242","Provincetown","Barnstable","0","0","0","Provincetown","Barnstable","Gr.10",0,"***","***","***","***","***","***","***"
"163","0243","Quincy","Norfolk","315","381","696","Quincy","Norfolk","Gr.10",697,"39","237","39","17","2","2","361"
"164","0244","Randolph","Norfolk","67","87","154","Randolph","Norfolk","Gr.10",154,"93","24","19","9","0","0","9"
"165","0246","Reading","Middlesex","165","168","333","Reading","Middlesex","Gr.10",333,"8","16","6","1","0","0","302"
"166","0248","Revere","Suffolk","240","253","493","Revere","Suffolk","Gr.10",493,"29","36","261","10","2","0","155"
"167","0249","Richmond","Berkshire","0","0","0","Richmond","Berkshire","Gr.10",0,"***","***","***","***","***","***","***"
"168","0250","Rochester","Plymouth","0","0","0","Rochester","Plymouth","Gr.10",0,"***","***","***","***","***","***","***"
"169","0251","Rockland","Plymouth","74","63","137","Rockland","Plymouth","Gr.10",137,"11","0","16","4","0","0","106"
"170","0252","Rockport","Essex","40","41","81","Rockport","Essex","Gr.10",81,"0","1","1","1","0","0","78"
"171","0253","Rowe","Franklin","0","0","0","Rowe","Franklin","Gr.10",0,"***","***","***","***","***","***","***"
"172","0258","Salem","Essex","112","138","250","Salem","Essex","Gr.10",250,"21","4","110","11","1","0","103"
"173","0261","Sandwich","Barnstable","86","89","175","Sandwich","Barnstable","Gr.10",175,"1","2","0","0","1","0","171"
"174","0262","Saugus","Essex","96","80","176","Saugus","Essex","Gr.10",176,"8","8","19","0","1","0","140"
"175","0263","Savoy","Berkshire","0","0","0","Savoy","Berkshire","Gr.10",0,"***","***","***","***","***","***","***"
"176","0264","Scituate","Plymouth","111","102","213","Scituate","Plymouth","Gr.10",213,"8","3","0","1","0","0","201"
"177","0265","Seekonk","Bristol","87","68","155","Seekonk","Bristol","Gr.10",155,"4","6","4","5","0","0","136"
"178","0266","Sharon","Norfolk","139","143","282","Sharon","Norfolk","Gr.10",282,"21","66","13","7","0","0","175"
"179","0269","Sherborn","Middlesex","0","0","0","Sherborn","Middlesex","Gr.10",0,"***","***","***","***","***","***","***"
"180","0271","Shrewsbury","Worcester","242","186","428","Shrewsbury","Worcester","Gr.10",428,"7","96","33","9","0","1","282"
"181","0272","Shutesbury","Franklin","0","0","0","Shutesbury","Franklin","Gr.10",0,"***","***","***","***","***","***","***"
"182","0273","Somerset","Bristol","0","0","0","Somerset","Bristol","Gr.10",0,"***","***","***","***","***","***","***"
"183","0274","Somerville","Middlesex","163","199","362","Somerville","Middlesex","Gr.10",362,"57","35","156","4","0","0","110"
"184","0275","Southampton","Hampshire","0","0","0","Southampton","Hampshire","Gr.10",0,"***","***","***","***","***","***","***"
"185","0276","Southborough","Worcester","0","0","0","Southborough","Worcester","Gr.10",0,"***","***","***","***","***","***","***"
"186","0277","Southbridge","Worcester","66","64","130","Southbridge","Worcester","Gr.10",130,"1","1","63","0","0","0","65"
"187","0278","South Hadley","Hampshire","63","55","118","South Hadley","Hampshire","Gr.10",118,"3","3","5","0","0","0","107"
"188","0281","Springfield","Hampden","874","929","1803","Springfield","Hampden","Gr.10",1803,"379","62","1093","18","0","1","250"
"189","0284","Stoneham","Middlesex","92","86","178","Stoneham","Middlesex","Gr.10",178,"5","4","13","4","0","0","152"
"190","0285","Stoughton","Norfolk","134","148","282","Stoughton","Norfolk","Gr.10",282,"70","13","18","1","0","0","180"
"191","0287","Sturbridge","Worcester","0","0","0","Sturbridge","Worcester","Gr.10",0,"***","***","***","***","***","***","***"
"192","0288","Sudbury","Middlesex","0","0","0","Sudbury","Middlesex","Gr.10",0,"***","***","***","***","***","***","***"
"193","0289","Sunderland","Franklin","0","0","0","Sunderland","Franklin","Gr.10",0,"***","***","***","***","***","***","***"
"194","0290","Sutton","Worcester","63","45","108","Sutton","Worcester","Gr.10",108,"0","1","2","4","0","0","101"
"195","0291","Swampscott","Essex","89","85","174","Swampscott","Essex","Gr.10",174,"9","6","9","4","0","1","145"
"196","0292","Swansea","Bristol","63","65","128","Swansea","Bristol","Gr.10",128,"3","2","2","1","0","0","120"
"197","0293","Taunton","Bristol","227","271","498","Taunton","Bristol","Gr.10",499,"73","14","59","23","0","4","326"
"198","0295","Tewksbury","Middlesex","110","125","235","Tewksbury","Middlesex","Gr.10",235,"6","7","3","1","0","0","218"
"199","0296","Tisbury","Dukes","0","0","0","Tisbury","Dukes","Gr.10",0,"***","***","***","***","***","***","***"
"200","0298","Topsfield","Essex","0","0","0","Topsfield","Essex","Gr.10",0,"***","***","***","***","***","***","***"
"201","0300","Truro","Barnstable","0","0","0","Truro","Barnstable","Gr.10",0,"***","***","***","***","***","***","***"
"202","0301","Tyngsborough","Middlesex","60","62","122","Tyngsborough","Middlesex","Gr.10",122,"1","5","7","4","0","0","105"
"203","0304","Uxbridge","Worcester","58","71","129","Uxbridge","Worcester","Gr.10",129,"3","1","5","5","0","1","114"
"204","0305","Wakefield","Middlesex","123","105","228","Wakefield","Middlesex","Gr.10",228,"9","10","6","5","0","1","197"
"205","0306","Wales","Hampden","0","0","0","Wales","Hampden","Gr.10",0,"***","***","***","***","***","***","***"
"206","0307","Walpole","Norfolk","158","140","298","Walpole","Norfolk","Gr.10",298,"15","10","14","3","0","0","256"
"207","0308","Waltham","Middlesex","199","204","403","Waltham","Middlesex","Gr.10",403,"46","20","168","13","1","2","153"
"208","0309","Ware","Hampshire","43","35","78","Ware","Hampshire","Gr.10",78,"2","1","5","1","0","0","69"
"209","0310","Wareham","Plymouth","53","65","118","Wareham","Plymouth","Gr.10",118,"12","2","9","11","1","0","83"
"210","0314","Watertown","Middlesex","79","93","172","Watertown","Middlesex","Gr.10",172,"7","11","27","6","0","0","121"
"211","0315","Wayland","Middlesex","95","109","204","Wayland","Middlesex","Gr.10",204,"6","35","9","10","0","0","144"
"212","0316","Webster","Worcester","60","76","136","Webster","Worcester","Gr.10",136,"6","3","16","5","0","0","106"
"213","0317","Wellesley","Norfolk","210","173","383","Wellesley","Norfolk","Gr.10",383,"20","47","17","20","0","0","279"
"214","0318","Wellfleet","Barnstable","0","0","0","Wellfleet","Barnstable","Gr.10",0,"***","***","***","***","***","***","***"
"215","0321","Westborough","Worcester","138","129","267","Westborough","Worcester","Gr.10",267,"5","59","12","8","0","0","183"
"216","0322","West Boylston","Worcester","34","26","60","West Boylston","Worcester","Gr.10",60,"1","2","4","1","0","0","52"
"217","0323","West Bridgewater","Plymouth","60","46","106","West Bridgewater","Plymouth","Gr.10",106,"3","1","2","2","0","0","98"
"218","0325","Westfield","Hampden","219","210","429","Westfield","Hampden","Gr.10",429,"13","14","43","13","1","0","345"
"219","0326","Westford","Middlesex","212","243","455","Westford","Middlesex","Gr.10",455,"3","97","5","13","0","0","337"
"220","0327","Westhampton","Hampshire","0","0","0","Westhampton","Hampshire","Gr.10",0,"***","***","***","***","***","***","***"
"221","0330","Weston","Middlesex","108","94","202","Weston","Middlesex","Gr.10",202,"11","32","14","8","1","0","136"
"222","0331","Westport","Bristol","47","52","99","Westport","Bristol","Gr.10",99,"1","3","3","3","0","0","89"
"223","0332","West Springfield","Hampden","140","162","302","West Springfield","Hampden","Gr.10",302,"8","20","52","5","0","0","217"
"224","0335","Westwood","Norfolk","128","132","260","Westwood","Norfolk","Gr.10",260,"7","14","6","2","0","0","231"
"225","0336","Weymouth","Norfolk","214","254","468","Weymouth","Norfolk","Gr.10",468,"17","17","29","14","1","0","390"
"226","0337","Whately","Franklin","0","0","0","Whately","Franklin","Gr.10",0,"***","***","***","***","***","***","***"
"227","0340","Williamsburg","Hampshire","0","0","0","Williamsburg","Hampshire","Gr.10",0,"***","***","***","***","***","***","***"
"228","0341","Williamstown","Berkshire","0","0","0","Williamstown","Berkshire","Gr.10",0,"***","***","***","***","***","***","***"
"229","0342","Wilmington","Middlesex","103","112","215","Wilmington","Middlesex","Gr.10",215,"5","11","7","5","1","0","186"
"230","0343","Winchendon","Worcester","47","42","89","Winchendon","Worcester","Gr.10",89,"1","2","5","2","0","0","79"
"231","0344","Winchester","Middlesex","150","147","297","Winchester","Middlesex","Gr.10",297,"1","44","12","12","0","0","228"
"232","0346","Winthrop","Suffolk","69","96","165","Winthrop","Suffolk","Gr.10",165,"2","2","23","5","0","0","133"
"233","0347","Woburn","Middlesex","177","180","357","Woburn","Middlesex","Gr.10",357,"18","25","41","7","1","1","264"
"234","0348","Worcester","Worcester","892","922","1814","Worcester","Worcester","Gr.10",1814,"305","159","750","77","8","0","515"
"235","0349","Worthington","Hampshire","0","0","0","Worthington","Hampshire","Gr.10",0,"***","***","***","***","***","***","***"
"236","0350","Wrentham","Norfolk","0","0","0","Wrentham","Norfolk","Gr.10",0,"***","***","***","***","***","***","***"
"237","0406","Northampton-Smith Vocational Agricultural","Hampshire","57","79","136","Northampton-Smith Vocational Agricultural","Hampshire","Gr.10",136,"2","2","21","2","0","0","109"
"238","0407","Dudley Street Neighborhood Charter School (District)","Suffolk","0","0","0","Dudley Street Neighborhood Charter School (District)","Suffolk","Gr.10",0,"***","***","***","***","***","***","***"
"239","0409","Alma del Mar Charter School (District)","Bristol","0","0","0","Alma del Mar Charter School (District)","Bristol","Gr.10",0,"***","***","***","***","***","***","***"
"240","0410","Excel Academy Charter (District)","Suffolk","57","49","106","Excel Academy Charter (District)","Suffolk","Gr.10",106,"16","4","75","0","2","0","9"
"241","0411","Boston Green Academy Horace Mann Charter School (District)","Suffolk","35","30","65","Boston Green Academy Horace Mann Charter School (District)","Suffolk","Gr.10",65,"37","0","25","1","0","0","2"
"242","0412","Academy Of the Pacific Rim Charter Public (District)","Suffolk","26","29","55","Academy Of the Pacific Rim Charter Public (District)","Suffolk","Gr.10",55,"29","1","14","4","0","1","6"
"243","0413","Four Rivers Charter Public (District)","Franklin","20","18","38","Four Rivers Charter Public (District)","Franklin","Gr.10",38,"0","0","3","3","0","0","32"
"244","0414","Berkshire Arts and Technology Charter Public (District)","Berkshire","27","26","53","Berkshire Arts and Technology Charter Public (District)","Berkshire","Gr.10",53,"9","1","6","3","0","0","34"
"245","0416","Boston Preparatory Charter Public (District)","Suffolk","32","35","67","Boston Preparatory Charter Public (District)","Suffolk","Gr.10",67,"50","1","12","1","0","0","3"
"246","0417","Bridge Boston Charter School (District)","Suffolk","0","0","0","Bridge Boston Charter School (District)","Suffolk","Gr.10",0,"***","***","***","***","***","***","***"
"247","0418","Christa McAuliffe Charter Public (District)","Middlesex","0","0","0","Christa McAuliffe Charter Public (District)","Middlesex","Gr.10",0,"***","***","***","***","***","***","***"
"248","0419","Helen Y. Davis Leadership Academy Charter Public (District)","Suffolk","0","0","0","Helen Y. Davis Leadership Academy Charter Public (District)","Suffolk","Gr.10",0,"***","***","***","***","***","***","***"
"249","0420","Benjamin Banneker Charter Public (District)","Middlesex","0","0","0","Benjamin Banneker Charter Public (District)","Middlesex","Gr.10",0,"***","***","***","***","***","***","***"
"250","0424","Boston Day and Evening Academy Charter (District)","Suffolk","22","10","32","Boston Day and Evening Academy Charter (District)","Suffolk","Gr.10",32,"14","0","15","2","0","0","1"
"251","0426","Community Day Charter Public School - Gateway (District)","Essex","0","0","0","Community Day Charter Public School - Gateway (District)","Essex","Gr.10",0,"***","***","***","***","***","***","***"
"252","0427","Barnstable Community Horace Mann Charter Public (District)","Barnstable","0","0","0","Barnstable Community Horace Mann Charter Public (District)","Barnstable","Gr.10",0,"***","***","***","***","***","***","***"
"253","0428","Brooke Charter School Roslindale (District)","Suffolk","0","0","0","Brooke Charter School Roslindale (District)","Suffolk","Gr.10",0,"***","***","***","***","***","***","***"
"254","0429","KIPP Academy Lynn Charter (District)","Essex","69","61","130","KIPP Academy Lynn Charter (District)","Essex","Gr.10",130,"41","3","77","4","0","0","5"
"255","0430","Advanced Math and Science Academy Charter (District)","Middlesex","71","55","126","Advanced Math and Science Academy Charter (District)","Middlesex","Gr.10",126,"4","22","2","11","1","0","86"
"256","0431","Community Day Charter Public School - R. Kingman Webster (District)","Essex","0","0","0","Community Day Charter Public School - R. Kingman Webster (District)","Essex","Gr.10",0,"***","***","***","***","***","***","***"
"257","0432","Cape Cod Lighthouse Charter (District)","Barnstable","0","0","0","Cape Cod Lighthouse Charter (District)","Barnstable","Gr.10",0,"***","***","***","***","***","***","***"
"258","0435","Innovation Academy Charter (District)","Middlesex","57","47","104","Innovation Academy Charter (District)","Middlesex","Gr.10",104,"6","5","6","4","0","0","83"
"259","0436","Community Charter School of Cambridge (District)","Middlesex","27","33","60","Community Charter School of Cambridge (District)","Middlesex","Gr.10",60,"35","3","16","2","0","0","4"
"260","0437","City on a Hill Charter Public School Circuit Street (District)","Suffolk","45","22","67","City on a Hill Charter Public School Circuit Street (District)","Suffolk","Gr.10",67,"56","0","8","2","0","0","1"
"261","0438","Codman Academy Charter Public (District)","Suffolk","23","24","47","Codman Academy Charter Public (District)","Suffolk","Gr.10",47,"36","0","9","0","0","2","0"
"262","0439","Conservatory Lab Charter (District)","Suffolk","0","0","0","Conservatory Lab Charter (District)","Suffolk","Gr.10",0,"***","***","***","***","***","***","***"
"263","0440","Community Day Charter Public School - Prospect (District)","Essex","0","0","0","Community Day Charter Public School - Prospect (District)","Essex","Gr.10",0,"***","***","***","***","***","***","***"
"264","0441","Sabis International Charter (District)","Hampden","67","53","120","Sabis International Charter (District)","Hampden","Gr.10",120,"45","7","34","5","0","0","29"
"265","0444","Neighborhood House Charter (District)","Suffolk","0","0","0","Neighborhood House Charter (District)","Suffolk","Gr.10",0,"***","***","***","***","***","***","***"
"266","0445","Abby Kelley Foster Charter Public (District)","Worcester","35","51","86","Abby Kelley Foster Charter Public (District)","Worcester","Gr.10",86,"36","5","17","3","0","1","24"
"267","0446","Foxborough Regional Charter (District)","Norfolk","30","38","68","Foxborough Regional Charter (District)","Norfolk","Gr.10",68,"31","8","3","2","0","0","24"
"268","0447","Benjamin Franklin Classical Charter Public (District)","Norfolk","0","0","0","Benjamin Franklin Classical Charter Public (District)","Norfolk","Gr.10",0,"***","***","***","***","***","***","***"
"269","0449","Boston Collegiate Charter (District)","Suffolk","48","30","78","Boston Collegiate Charter (District)","Suffolk","Gr.10",78,"17","3","14","0","0","0","44"
"270","0450","Hilltown Cooperative Charter Public (District)","Hampshire","0","0","0","Hilltown Cooperative Charter Public (District)","Hampshire","Gr.10",0,"***","***","***","***","***","***","***"
"271","0452","Edward M. Kennedy Academy for Health Careers (Horace Mann Charter) (District)","Suffolk","55","33","88","Edward M. Kennedy Academy for Health Careers (Horace Mann Charter) (District)","Suffolk","Gr.10",88,"33","0","44","2","0","0","9"
"272","0453","Holyoke Community Charter (District)","Hampden","0","0","0","Holyoke Community Charter (District)","Hampden","Gr.10",0,"***","***","***","***","***","***","***"
"273","0454","Lawrence Family Development Charter (District)","Essex","0","0","0","Lawrence Family Development Charter (District)","Essex","Gr.10",0,"***","***","***","***","***","***","***"
"274","0455","Hill View Montessori Charter Public (District)","Essex","0","0","0","Hill View Montessori Charter Public (District)","Essex","Gr.10",0,"***","***","***","***","***","***","***"
"275","0456","Lowell Community Charter Public (District)","Middlesex","0","0","0","Lowell Community Charter Public (District)","Middlesex","Gr.10",0,"***","***","***","***","***","***","***"
"276","0458","Lowell Middlesex Academy Charter (District)","Middlesex","21","8","29","Lowell Middlesex Academy Charter (District)","Middlesex","Gr.10",30,"1","2","8","3","0","0","16"
"277","0463","KIPP Academy Boston Charter School (District)","Suffolk","0","0","0","KIPP Academy Boston Charter School (District)","Suffolk","Gr.10",0,"***","***","***","***","***","***","***"
"278","0464","Marblehead Community Charter Public (District)","Essex","0","0","0","Marblehead Community Charter Public (District)","Essex","Gr.10",0,"***","***","***","***","***","***","***"
"279","0466","Martha's Vineyard Charter (District)","Dukes","4","3","7","Martha's Vineyard Charter (District)","Dukes","Gr.10",7,"0","0","1","0","0","0","6"
"280","0468","Ma Academy for Math and Science","Worcester","0","0","0","Ma Academy for Math and Science","Worcester","Gr.10",0,"***","***","***","***","***","***","***"
"281","0469","MATCH Charter Public School (District)","Suffolk","44","28","72","MATCH Charter Public School (District)","Suffolk","Gr.10",72,"35","0","30","2","1","0","4"
"282","0470","Mystic Valley Regional Charter (District)","Middlesex","50","45","95","Mystic Valley Regional Charter (District)","Middlesex","Gr.10",95,"15","22","6","2","0","0","50"
"283","0474","Sizer School: A North Central Charter Essential (District)","Worcester","33","36","69","Sizer School: A North Central Charter Essential (District)","Worcester","Gr.10",69,"2","1","12","2","0","0","52"
"284","0477","Silver Hill Horace Mann Charter (District)","Essex","0","0","0","Silver Hill Horace Mann Charter (District)","Essex","Gr.10",0,"***","***","***","***","***","***","***"
"285","0478","Francis W. Parker Charter Essential (District)","Middlesex","32","32","64","Francis W. Parker Charter Essential (District)","Middlesex","Gr.10",64,"0","1","1","2","0","0","60"
"286","0479","Pioneer Valley Performing Arts Charter Public (District)","Hampshire","49","19","68","Pioneer Valley Performing Arts Charter Public (District)","Hampshire","Gr.10",68,"9","1","7","7","0","0","44"
"287","0480","UP Academy Charter School of Boston (District)","Suffolk","0","0","0","UP Academy Charter School of Boston (District)","Suffolk","Gr.10",0,"***","***","***","***","***","***","***"
"288","0481","Boston Renaissance Charter Public (District)","Suffolk","0","0","0","Boston Renaissance Charter Public (District)","Suffolk","Gr.10",0,"***","***","***","***","***","***","***"
"289","0482","River Valley Charter (District)","Essex","0","0","0","River Valley Charter (District)","Essex","Gr.10",0,"***","***","***","***","***","***","***"
"290","0483","Rising Tide Charter Public (District)","Plymouth","35","40","75","Rising Tide Charter Public (District)","Plymouth","Gr.10",75,"1","6","1","0","0","0","67"
"291","0484","Roxbury Preparatory Charter (District)","Suffolk","61","48","109","Roxbury Preparatory Charter (District)","Suffolk","Gr.10",109,"58","1","45","3","1","0","1"
"292","0485","Salem Academy Charter (District)","Essex","35","25","60","Salem Academy Charter (District)","Essex","Gr.10",60,"3","1","24","3","0","0","29"
"293","0486","Seven Hills Charter Public (District)","Worcester","0","0","0","Seven Hills Charter Public (District)","Worcester","Gr.10",0,"***","***","***","***","***","***","***"
"294","0487","Prospect Hill Academy Charter (District)","Middlesex","46","39","85","Prospect Hill Academy Charter (District)","Middlesex","Gr.10",85,"47","7","20","4","0","0","7"
"295","0488","South Shore Charter Public (District)","Plymouth","32","27","59","South Shore Charter Public (District)","Plymouth","Gr.10",59,"17","1","3","3","0","0","35"
"296","0489","Sturgis Charter Public (District)","Barnstable","130","84","214","Sturgis Charter Public (District)","Barnstable","Gr.10",214,"6","9","15","11","3","1","169"
"297","0491","Atlantis Charter (District)","Bristol","45","31","76","Atlantis Charter (District)","Bristol","Gr.10",76,"4","3","13","2","0","0","54"
"298","0492","Martin Luther King Jr. Charter School of Excellence (District)","Hampden","0","0","0","Martin Luther King Jr. Charter School of Excellence (District)","Hampden","Gr.10",0,"***","***","***","***","***","***","***"
"299","0493","Phoenix Charter Academy (District)","Essex","7","8","15","Phoenix Charter Academy (District)","Essex","Gr.10",15,"1","0","14","0","0","0","0"
"300","0494","Pioneer Charter School of Science (District)","Middlesex","36","26","62","Pioneer Charter School of Science (District)","Middlesex","Gr.10",62,"24","8","10","0","1","0","19"
"301","0496","Global Learning Charter Public (District)","Bristol","24","22","46","Global Learning Charter Public (District)","Bristol","Gr.10",46,"8","1","13","1","1","0","22"
"302","0497","Pioneer Valley Chinese Immersion Charter (District)","Hampshire","10","10","20","Pioneer Valley Chinese Immersion Charter (District)","Hampshire","Gr.10",20,"1","4","0","2","0","0","13"
"303","0498","Veritas Preparatory Charter School (District)","Hampden","0","0","0","Veritas Preparatory Charter School (District)","Hampden","Gr.10",0,"***","***","***","***","***","***","***"
"304","0499","Hampden Charter School of Science (District)","Hampden","24","16","40","Hampden Charter School of Science (District)","Hampden","Gr.10",40,"10","2","14","2","0","0","12"
"305","0600","Acton-Boxborough","Middlesex","234","258","492","Acton-Boxborough","Middlesex","Gr.10",492,"7","153","18","17","0","0","297"
"306","0603","Adams-Cheshire","Berkshire","51","43","94","Adams-Cheshire","Berkshire","Gr.10",94,"7","3","3","0","1","0","80"
"307","0605","Amherst-Pelham","Hampshire","105","115","220","Amherst-Pelham","Hampshire","Gr.10",220,"12","21","37","16","0","0","134"
"308","0610","Ashburnham-Westminster","Worcester","85","74","159","Ashburnham-Westminster","Worcester","Gr.10",159,"0","2","2","4","0","0","151"
"309","0615","Athol-Royalston","Worcester","35","41","76","Athol-Royalston","Worcester","Gr.10",76,"1","0","5","2","0","0","68"
"310","0616","Ayer Shirley School District","Middlesex","59","60","119","Ayer Shirley School District","Middlesex","Gr.10",119,"6","3","12","11","0","0","87"
"311","0618","Berkshire Hills","Berkshire","68","74","142","Berkshire Hills","Berkshire","Gr.10",142,"5","1","6","4","0","0","126"
"312","0620","Berlin-Boylston","Worcester","47","30","77","Berlin-Boylston","Worcester","Gr.10",77,"1","0","1","3","0","0","72"
"313","0622","Blackstone-Millville","Worcester","62","57","119","Blackstone-Millville","Worcester","Gr.10",119,"1","2","6","0","0","0","110"
"314","0625","Bridgewater-Raynham","Bristol","205","200","405","Bridgewater-Raynham","Bristol","Gr.10",405,"13","7","12","18","0","0","355"
"315","0632","Chesterfield-Goshen","Hampshire","0","0","0","Chesterfield-Goshen","Hampshire","Gr.10",0,"***","***","***","***","***","***","***"
"316","0635","Central Berkshire","Berkshire","82","76","158","Central Berkshire","Berkshire","Gr.10",158,"1","3","7","4","0","0","143"
"317","0640","Concord-Carlisle","Middlesex","174","159","333","Concord-Carlisle","Middlesex","Gr.10",334,"12","35","12","16","0","0","259"
"318","0645","Dennis-Yarmouth","Barnstable","102","99","201","Dennis-Yarmouth","Barnstable","Gr.10",201,"21","9","20","10","3","0","138"
"319","0650","Dighton-Rehoboth","Bristol","92","127","219","Dighton-Rehoboth","Bristol","Gr.10",219,"2","2","8","4","0","0","203"
"320","0655","Dover-Sherborn","Norfolk","73","81","154","Dover-Sherborn","Norfolk","Gr.10",154,"4","15","3","2","0","0","130"
"321","0658","Dudley-Charlton Reg","Worcester","142","127","269","Dudley-Charlton Reg","Worcester","Gr.10",269,"4","11","19","8","0","0","227"
"322","0660","Nauset","Barnstable","126","111","237","Nauset","Barnstable","Gr.10",237,"8","4","8","7","1","0","209"
"323","0662","Farmington River Reg","Berkshire","0","0","0","Farmington River Reg","Berkshire","Gr.10",0,"***","***","***","***","***","***","***"
"324","0665","Freetown-Lakeville","Bristol","98","91","189","Freetown-Lakeville","Bristol","Gr.10",189,"4","1","3","7","1","0","173"
"325","0670","Frontier","Franklin","42","53","95","Frontier","Franklin","Gr.10",95,"0","2","6","4","0","0","83"
"326","0672","Gateway","Hampshire","25","34","59","Gateway","Hampshire","Gr.10",59,"0","0","3","0","0","0","56"
"327","0673","Groton-Dunstable","Middlesex","99","104","203","Groton-Dunstable","Middlesex","Gr.10",203,"4","13","3","4","0","0","179"
"328","0674","Gill-Montague","Franklin","26","31","57","Gill-Montague","Franklin","Gr.10",57,"0","0","8","2","0","0","47"
"329","0675","Hamilton-Wenham","Essex","71","79","150","Hamilton-Wenham","Essex","Gr.10",150,"0","7","4","3","0","0","136"
"330","0680","Hampden-Wilbraham","Hampden","146","157","303","Hampden-Wilbraham","Hampden","Gr.10",303,"6","8","17","9","0","0","263"
"331","0683","Hampshire","Hampshire","42","53","95","Hampshire","Hampshire","Gr.10",95,"0","0","3","2","0","0","90"
"332","0685","Hawlemont","Franklin","0","0","0","Hawlemont","Franklin","Gr.10",0,"***","***","***","***","***","***","***"
"333","0690","King Philip","Norfolk","137","181","318","King Philip","Norfolk","Gr.10",318,"6","6","3","2","0","0","301"
"334","0695","Lincoln-Sudbury","Middlesex","180","198","378","Lincoln-Sudbury","Middlesex","Gr.10",378,"20","23","17","22","0","1","295"
"335","0698","Manchester Essex Regional","Essex","62","41","103","Manchester Essex Regional","Essex","Gr.10",103,"0","0","0","2","0","0","101"
"336","0700","Martha's Vineyard","Dukes","79","91","170","Martha's Vineyard","Dukes","Gr.10",170,"7","2","28","3","3","1","126"
"337","0705","Masconomet","Essex","138","140","278","Masconomet","Essex","Gr.10",278,"2","8","7","6","2","0","253"
"338","0710","Mendon-Upton","Worcester","93","68","161","Mendon-Upton","Worcester","Gr.10",161,"3","1","7","4","0","0","146"
"339","0712","Monomoy Regional School District","Barnstable","46","64","110","Monomoy Regional School District","Barnstable","Gr.10",110,"8","3","3","5","0","0","91"
"340","0715","Mount Greylock","Berkshire","49","51","100","Mount Greylock","Berkshire","Gr.10",100,"2","1","2","3","0","0","92"
"341","0717","Mohawk Trail","Franklin","33","34","67","Mohawk Trail","Franklin","Gr.10",67,"0","0","2","6","0","0","59"
"342","0720","Narragansett","Worcester","43","52","95","Narragansett","Worcester","Gr.10",95,"0","1","2","1","0","0","91"
"343","0725","Nashoba","Worcester","134","119","253","Nashoba","Worcester","Gr.10",253,"8","11","11","11","0","0","212"
"344","0728","New Salem-Wendell","Franklin","0","0","0","New Salem-Wendell","Franklin","Gr.10",0,"***","***","***","***","***","***","***"
"345","0730","Northboro-Southboro","Worcester","206","164","370","Northboro-Southboro","Worcester","Gr.10",370,"2","40","16","12","2","0","298"
"346","0735","North Middlesex","Middlesex","103","82","185","North Middlesex","Middlesex","Gr.10",185,"2","1","5","5","0","0","172"
"347","0740","Old Rochester","Plymouth","102","89","191","Old Rochester","Plymouth","Gr.10",191,"3","7","1","3","0","0","177"
"348","0745","Pentucket","Essex","85","73","158","Pentucket","Essex","Gr.10",158,"1","1","5","2","0","0","149"
"349","0750","Pioneer Valley","Franklin","33","32","65","Pioneer Valley","Franklin","Gr.10",65,"1","1","0","2","1","0","60"
"350","0753","Quabbin","Worcester","83","75","158","Quabbin","Worcester","Gr.10",158,"2","1","8","5","0","0","142"
"351","0755","Ralph C Mahar","Franklin","54","55","109","Ralph C Mahar","Franklin","Gr.10",109,"1","1","11","0","2","0","94"
"352","0760","Silver Lake","Plymouth","138","140","278","Silver Lake","Plymouth","Gr.10",278,"5","0","6","2","0","0","265"
"353","0763","Somerset Berkley Regional School District","Bristol","149","120","269","Somerset Berkley Regional School District","Bristol","Gr.10",269,"4","1","6","10","0","0","248"
"354","0765","Southern Berkshire","Berkshire","26","22","48","Southern Berkshire","Berkshire","Gr.10",48,"0","0","4","6","0","0","38"
"355","0766","Southwick-Tolland-Granville Regional School District","Hampden","64","61","125","Southwick-Tolland-Granville Regional School District","Hampden","Gr.10",125,"3","0","8","1","0","0","113"
"356","0767","Spencer-E Brookfield","Worcester","42","48","90","Spencer-E Brookfield","Worcester","Gr.10",90,"1","0","5","4","0","0","80"
"357","0770","Tantasqua","Worcester","134","167","301","Tantasqua","Worcester","Gr.10",301,"1","2","17","8","1","0","272"
"358","0773","Triton","Essex","96","85","181","Triton","Essex","Gr.10",181,"1","3","6","2","0","0","169"
"359","0774","Up-Island Regional","Dukes","0","0","0","Up-Island Regional","Dukes","Gr.10",0,"***","***","***","***","***","***","***"
"360","0775","Wachusett","Worcester","322","267","589","Wachusett","Worcester","Gr.10",589,"7","26","26","6","0","1","523"
"361","0778","Quaboag Regional","Worcester","50","55","105","Quaboag Regional","Worcester","Gr.10",105,"0","0","8","2","0","0","95"
"362","0780","Whitman-Hanson","Plymouth","150","141","291","Whitman-Hanson","Plymouth","Gr.10",291,"7","4","5","10","2","0","263"
"363","0801","Assabet Valley Regional Vocational Technical","Middlesex","119","154","273","Assabet Valley Regional Vocational Technical","Middlesex","Gr.10",273,"0","1","41","8","0","0","223"
"364","0805","Blackstone Valley Regional Vocational Technical","Worcester","148","160","308","Blackstone Valley Regional Vocational Technical","Worcester","Gr.10",308,"1","8","6","5","0","0","288"
"365","0806","Blue Hills Regional Vocational Technical","Norfolk","97","123","220","Blue Hills Regional Vocational Technical","Norfolk","Gr.10",220,"56","2","30","8","2","0","122"
"366","0810","Bristol-Plymouth Regional Vocational Technical","Bristol","126","201","327","Bristol-Plymouth Regional Vocational Technical","Bristol","Gr.10",328,"14","2","25","11","2","0","274"
"367","0815","Cape Cod Regional Vocational Technical","Barnstable","60","91","151","Cape Cod Regional Vocational Technical","Barnstable","Gr.10",151,"7","2","14","11","6","1","110"
"368","0817","Essex North Shore Agricultural and Technical School District","Essex","201","148","349","Essex North Shore Agricultural and Technical School District","Essex","Gr.10",349,"4","6","42","7","0","0","290"
"369","0818","Franklin County Regional Vocational Technical","Franklin","46","83","129","Franklin County Regional Vocational Technical","Franklin","Gr.10",129,"4","0","6","0","0","0","119"
"370","0821","Greater Fall River Regional Vocational Technical","Bristol","163","184","347","Greater Fall River Regional Vocational Technical","Bristol","Gr.10",347,"6","3","31","18","2","0","287"
"371","0823","Greater Lawrence Regional Vocational Technical","Essex","193","200","393","Greater Lawrence Regional Vocational Technical","Essex","Gr.10",393,"6","2","316","0","0","0","69"
"372","0825","Greater New Bedford Regional Vocational Technical","Bristol","284","270","554","Greater New Bedford Regional Vocational Technical","Bristol","Gr.10",554,"40","6","118","18","3","0","369"
"373","0828","Greater Lowell Regional Vocational Technical","Middlesex","235","332","567","Greater Lowell Regional Vocational Technical","Middlesex","Gr.10",567,"22","90","193","24","3","0","235"
"374","0829","South Middlesex Regional Vocational Technical","Middlesex","71","111","182","South Middlesex Regional Vocational Technical","Middlesex","Gr.10",182,"7","0","88","6","2","0","79"
"375","0830","Minuteman Regional Vocational Technical","Middlesex","50","85","135","Minuteman Regional Vocational Technical","Middlesex","Gr.10",136,"4","6","12","7","0","0","107"
"376","0832","Montachusett Regional Vocational Technical","Worcester","178","177","355","Montachusett Regional Vocational Technical","Worcester","Gr.10",357,"5","6","52","17","1","0","276"
"377","0851","Northern Berkshire Regional Vocational Technical","Berkshire","37","83","120","Northern Berkshire Regional Vocational Technical","Berkshire","Gr.10",120,"1","0","4","1","0","0","114"
"378","0852","Nashoba Valley Regional Vocational Technical","Middlesex","78","110","188","Nashoba Valley Regional Vocational Technical","Middlesex","Gr.10",188,"0","1","10","4","1","0","172"
"379","0853","Northeast Metropolitan Regional Vocational Technical","Middlesex","164","158","322","Northeast Metropolitan Regional Vocational Technical","Middlesex","Gr.10",322,"12","8","104","6","0","0","192"
"380","0855","Old Colony Regional Vocational Technical","Bristol","60","79","139","Old Colony Regional Vocational Technical","Bristol","Gr.10",139,"0","0","0","2","0","0","137"
"381","0860","Pathfinder Regional Vocational Technical","Hampden","61","99","160","Pathfinder Regional Vocational Technical","Hampden","Gr.10",160,"1","0","9","5","1","0","144"
"382","0871","Shawsheen Valley Regional Vocational Technical","Middlesex","145","182","327","Shawsheen Valley Regional Vocational Technical","Middlesex","Gr.10",327,"5","3","12","9","1","0","297"
"383","0872","Southeastern Regional Vocational Technical","Bristol","177","184","361","Southeastern Regional Vocational Technical","Bristol","Gr.10",361,"126","5","44","10","0","0","176"
"384","0873","South Shore Regional Vocational Technical","Plymouth","60","116","176","South Shore Regional Vocational Technical","Plymouth","Gr.10",176,"1","3","9","7","0","0","156"
"385","0876","Southern Worcester County Regional Vocational Technical","Worcester","120","179","299","Southern Worcester County Regional Vocational Technical","Worcester","Gr.10",299,"2","0","21","4","0","0","272"
"386","0878","Tri County Regional Vocational Technical","Norfolk","126","150","276","Tri County Regional Vocational Technical","Norfolk","Gr.10",277,"0","4","13","10","0","1","249"
"387","0879","Upper Cape Cod Regional Vocational Technical","Barnstable","64","111","175","Upper Cape Cod Regional Vocational Technical","Barnstable","Gr.10",175,"15","1","4","8","0","0","147"
"388","0885","Whittier Regional Vocational Technical","Essex","155","183","338","Whittier Regional Vocational Technical","Essex","Gr.10",338,"8","4","58","12","1","0","255"
"389","0910","Bristol County Agricultural","Bristol","94","25","119","Bristol County Agricultural","Bristol","Gr.10",119,"0","0","3","4","0","0","112"
"390","0915","Norfolk County Agricultural","Norfolk","108","38","146","Norfolk County Agricultural","Norfolk","Gr.10",146,"2","1","4","3","1","0","135"
"391","3501","Paulo Freire Social Justice Charter School (District)","Hampshire","43","49","92","Paulo Freire Social Justice Charter School (District)","Hampshire","Gr.10",92,"5","0","76","0","0","0","11"
"392","3502","Baystate Academy Charter Public School (District)","Hampden","37","32","69","Baystate Academy Charter Public School (District)","Hampden","Gr.10",69,"17","0","49","0","0","0","3"
"393","3503","Lowell Collegiate Charter School (District)","Middlesex","0","0","0","Lowell Collegiate Charter School (District)","Middlesex","Gr.10",0,"***","***","***","***","***","***","***"
"394","3504","City on a Hill Charter Public School Dudley Square (District)","Suffolk","42","29","71","City on a Hill Charter Public School Dudley Square (District)","Suffolk","Gr.10",71,"56","3","11","0","0","0","1"
"395","3505","UP Academy Charter School of Dorchester (District)","Suffolk","0","0","0","UP Academy Charter School of Dorchester (District)","Suffolk","Gr.10",0,"***","***","***","***","***","***","***"
"396","3506","Pioneer Charter School of Science II (PCSS-II) (District)","Middlesex","21","30","51","Pioneer Charter School of Science II (PCSS-II) (District)","Middlesex","Gr.10",51,"11","9","13","1","2","0","15"
"397","3507","City on a Hill Charter Public School New Bedford (District)","Bristol","27","28","55","City on a Hill Charter Public School New Bedford (District)","Bristol","Gr.10",55,"8","1","23","3","0","0","20"
"398","3508","Phoenix Academy Public Charter High School Springfield (District)","Hampden","12","6","18","Phoenix Academy Public Charter High School Springfield (District)","Hampden","Gr.10",18,"4","1","11","2","0","0","0"
"399","3509","Argosy Collegiate Charter School (District)","Bristol","0","0","0","Argosy Collegiate Charter School (District)","Bristol","Gr.10",0,"***","***","***","***","***","***","***"
"400","3510","Springfield Preparatory Charter School (District)","Hampden","0","0","0","Springfield Preparatory Charter School (District)","Hampden","Gr.10",0,"***","***","***","***","***","***","***"
"401","3511","Bentley Academy Charter School (District)","Essex","0","0","0","Bentley Academy Charter School (District)","Essex","Gr.10",0,"***","***","***","***","***","***","***"
"402","3513","New Heights Charter School of Brockton (District)","Plymouth","0","0","0","New Heights Charter School of Brockton (District)","Plymouth","Gr.10",0,"***","***","***","***","***","***","***"
"403","3901","Massachusetts Virtual Academy at Greenfield Commonwealth Virtual District","Franklin","50","25","75","Massachusetts Virtual Academy at Greenfield Commonwealth Virtual District","Franklin","Gr.10",75,"6","0","11","3","2","1","52"
"404","3902","TEC Connections Academy Commonwealth Virtual School District","Norfolk","117","63","180","TEC Connections Academy Commonwealth Virtual School District","Norfolk","Gr.10",180,"4","2","16","9","0","0","149"
